{"90_10": [41670231982.55906, 44499999500.62735, 42853938998.683685, 42940561522.99278, 44209705423.1278, 43571881776.46264, 41248972367.4462, 42943540437.12836, 41425277379.050644, 43335043343.034744], "60_40": [35293856043.73233, 37547918172.94177, 35999527474.25756, 35967430595.26322, 37286014219.159294, 36603902483.921814, 37157325318.45944, 36209306957.80854, 36483461675.30788, 37360557106.76048], "40_60": [39764476552.58404, 34937792747.18391, 36192090048.941086, 34790319426.08279, 35508193886.51248, 35073627953.161224, 36734893582.39392, 35742326141.19398, 35289847007.72975, 35882146609.83197], "20_80": [37823285244.20207, 35973506539.670006, 36650964599.97867, 36638910912.92117, 36950724478.19779, 35466379306.41894, 36903995957.26486, 38349817841.70349, 37760717976.1988, 36039721032.15125], "50_50": [35159556826.18573, 35468845690.590294, 35158365189.2452, 34955909505.64511, 35361456585.735466, 35686374532.4537, 36237571726.40089, 35399879569.37781, 36128583293.39523, 35924352445.37951], "100_0": [46501675157.55815, 46501675157.55815, 46501675157.55815, 46501675157.55815, 46501675157.55815, 46501675157.55815, 46501675157.55815, 46501675157.55815, 46501675157.55815, 46501675157.55815], "10_90": [39607677029.43673, 38514853570.51005, 38532953545.36419, 37597817780.12781, 39510033672.35363, 38012258496.98901, 36600806074.70773, 37200371131.5458, 36861753592.22435, 36999870590.591095], "70_30": [37952187270.05979, 38907151240.90529, 38210386967.0048, 39240238381.771385, 37118192094.5969, 38509890042.62763, 37317407182.07867, 38008967414.739685, 38018710733.502785, 38091912194.34719], "0_100": [38966109627.946724, 38966109627.946724, 38966109627.946724, 38966109627.946724, 38966109627.946724, 38966109627.946724, 38966109627.946724, 38966109627.946724, 38966109627.946724, 46683300822.026634], "30_70": [36443286796.723305, 35911742503.0746, 36640270659.71549, 35559600239.57108, 35544344454.35783, 36294316762.87556, 37992592305.59994, 36123538735.65214, 37242616600.987686, 37419789087.38205], "80_20": [41144578922.55483, 39470790806.07032, 39312250554.096924, 39165635218.122406, 40743684947.89723, 40471036572.17772, 40494273732.063324, 39812789129.47654, 41492986322.62639, 42624176528.78963]}